time,黑龙江,辽宁,吉林,河北,山西,河南,山东,江苏,浙江,上海,湖北,湖南,安徽,江西,福建,广东,广西,海南,云南,贵州,重庆,四川,西藏,新疆,青海,宁夏,甘肃,陕西,内蒙古,北京,天津,香港,澳门,台湾
2000,3807.0,4184.0,2682.0,6674.0,3247.0,9488.0,8998.0,7327.0,4680.0,1609.0,5646.0,6562.0,6093.0,4149.0,3410.0,8650.0,4751.0,789.0,4241.0,3756.0,2849.0,8329.0,258.0,1849.0,517.0,554.0,2515.0,3644.0,2372.0,1364.0,1001.0,681.0,43.0,2227.6672
2001,3811.0,4194.0,2691.0,6699.0,3272.0,9555.0,9041.0,7359.0,4729.0,1668.0,5658.0,6596.0,6128.0,4186.0,3445.0,8733.0,4788.0,796.0,4287.0,3799.0,2829.0,8143.0,264.0,1876.0,523.0,563.0,2523.0,3653.0,2381.0,1385.0,1004.06,685.0,44.0,2240.5568
2002,3813.0,4203.0,2699.0,6735.0,3294.0,9613.0,9082.0,7406.0,4776.0,1713.0,5672.0,6629.0,6144.0,4222.0,3476.0,8842.0,4822.0,803.0,4333.0,3837.0,2814.0,8110.0,268.0,1905.0,529.0,572.0,2531.0,3662.0,2384.0,1423.0,1007.0,685.0,45.0,2252.0776
2003,3815.0,4210.0,2704.0,6769.0,3314.0,9667.0,9125.0,7458.0,4857.0,1766.0,5685.0,6663.0,6163.0,4254.0,3502.0,8963.0,4857.0,811.0,4376.0,3870.0,2803.0,8176.0,272.0,1934.0,534.0,580.0,2537.0,3672.0,2386.0,1456.4,1011.3,685.0,45.0,2260.455
2004,3817.0,4217.0,2709.0,6809.0,3335.0,9717.0,9180.0,7523.0,4925.0,1835.0,5698.0,6698.0,6228.0,4284.0,3529.0,9111.0,4889.0,818.0,4415.0,3904.0,2793.0,8090.0,276.0,1963.0,539.0,588.0,2541.0,3681.0,2393.0,1493.0,1024.0,684.0,46.0,2268.9122
2005,3820.0,4221.0,2716.0,6851.0,3355.0,9380.0,9248.0,7588.0,4991.0,1890.0,5710.0,6326.0,6120.0,4311.0,3557.0,9194.0,4660.0,828.0,4450.0,3730.0,2798.0,8212.0,280.0,2010.0,543.0,596.0,2545.0,3690.0,2403.0,1538.0,1042.53,685.0,47.0,2277.0383
2006,3823.0,4271.0,2723.0,6898.0,3375.0,9392.0,9309.0,7656.0,5072.0,1964.0,5693.0,6342.0,6110.0,4339.0,3585.0,9442.0,4719.0,836.0,4483.0,3690.0,2808.0,8169.0,285.0,2050.0,548.0,604.0,2547.0,3699.0,2415.0,1601.0,1075.0,687.0,49.0,2287.6527
2007,3824.0,4298.0,2730.0,6943.0,3393.0,9360.0,9367.0,7723.0,5155.0,2064.0,5699.0,6355.0,6118.0,4368.0,3612.0,9660.0,4768.0,845.0,4514.0,3632.0,2816.0,8127.0,289.0,2095.0,552.0,610.0,2548.0,3708.0,2429.0,1676.0,1115.0,689.0,50.0,2295.8360000000002
2008,3825.0,4315.0,2734.0,6989.0,3411.0,9429.0,9417.0,7762.0,5212.0,2141.0,5711.0,6380.0,6135.0,4400.0,3639.0,9893.0,4816.0,854.0,4543.0,3596.0,2839.0,8138.0,292.0,2131.0,554.0,618.0,2551.0,3718.0,2444.0,1771.0,1176.0,693.0,51.0,2303.7031
2009,3826.0,4341.0,2740.0,7034.0,3427.0,9487.0,9470.0,7810.0,5276.0,2210.0,5720.0,6406.0,6131.0,4432.0,3666.0,10130.0,4856.0,864.0,4571.0,3537.0,2859.0,8185.0,296.0,2159.0,557.0,625.0,2555.0,3727.0,2458.0,1860.0,1228.16,697.0,53.0,2311.9772
2010,3833.0,4375.0,2747.0,7194.0,3574.0,9405.0,9588.0,7869.0,5447.0,2303.0,5728.0,6570.0,5957.0,4462.0,3693.0,10441.0,4610.0,869.0,4602.0,3479.0,2885.0,8045.0,300.0,2185.0,563.0,633.0,2560.0,3735.0,2472.0,1961.9,1299.29,702.0,54.0,2316.2123
2011,3834.0,4383.0,2749.0,7241.0,3593.0,9388.0,9637.0,7899.0,5463.0,2347.0,5758.0,6596.0,5968.0,4488.0,3720.0,10505.0,4645.0,877.0,4631.0,3469.0,2919.0,8050.0,303.0,2209.0,568.0,639.0,2564.0,3743.0,2482.0,2018.6,1354.58,707.0,55.0,2322.4912
2012,3834.0,4389.0,2750.0,7288.0,3611.0,9406.0,9685.0,7920.0,5477.0,2380.0,5779.0,6639.0,5988.0,4504.0,3748.0,10594.0,4682.0,887.0,4659.0,3484.0,2945.0,8076.0,308.0,2233.0,573.0,647.0,2578.0,3753.0,2490.0,2069.3,1413.15,713.0,56.0,2331.5822
2013,3835.0,4390.0,2751.0,7333.0,3630.0,9413.0,9733.0,7939.0,5498.0,2415.0,5799.0,6691.0,6030.0,4522.0,3774.0,10644.0,4719.0,895.0,4687.0,3502.0,2970.0,8107.0,312.0,2264.0,578.0,654.0,2582.0,3764.0,2498.0,2114.8,1472.21,720.0,57.0,2337.3517
2014,3833.0,4391.0,2752.0,7384.0,3648.0,9436.0,9789.0,7960.0,5508.0,2426.0,5816.0,6737.0,6083.0,4542.0,3806.0,10724.0,4754.0,903.0,4714.0,3508.0,2991.0,8140.0,318.0,2298.0,583.0,662.0,2591.0,3775.0,2505.0,2151.6,1516.81,726.0,58.0,2343.3753
2015,3812.0,4382.0,2753.0,7425.0,3664.0,9480.0,9847.0,7976.0,5539.0,2415.0,5852.0,6783.0,6144.0,4566.0,3839.0,10849.0,4796.0,911.0,4742.0,3530.0,3017.0,8204.0,324.0,2360.0,588.0,668.0,2600.0,3793.0,2511.0,2170.5,1546.95,732.0,59.0,2348.1792
2016,3799.0,4378.0,2733.0,7470.0,3682.0,9532.0,9947.0,7999.0,5590.0,2420.0,5885.0,6822.0,6196.0,4592.0,3874.0,10999.0,4838.0,917.0,4771.0,3555.0,3048.0,8262.0,331.0,2398.0,593.0,675.0,2610.0,3813.0,2520.0,2173.0,1562.0,738.0,60.0,2352.993
2017,3789.0,4369.0,2717.0,7520.0,3702.0,9559.0,10006.0,8029.0,5657.0,2418.0,5902.0,6860.0,6255.0,4622.0,3911.0,11169.0,4885.0,926.0,4801.0,3580.0,3075.0,8302.0,337.0,2445.0,598.0,682.0,2626.0,3835.0,2529.0,2170.7,1557.0,744.0,62.0,2357.8166
2018,3773.0,4359.0,2704.0,7556.0,3718.0,9605.0,10047.0,8051.0,5737.0,2424.0,5917.0,6899.0,6324.0,4648.0,3941.0,11346.0,4926.0,934.0,4830.0,3600.0,3102.0,8341.0,344.0,2487.0,603.0,688.0,2637.0,3864.0,2534.0,2154.2,1559.6,750.0,63.0,2362.6501
